country,sovereignty_score,stablecoin_index,foreign_deposit_ratio,loss_probability,risk_level
阿根廷,44.68284684535253,48.275000724347066,55.45630186240676,0.6846021343176032,高风险
土耳其,44.18222500235321,35.95304694689628,50.94801735325441,0.5378577860391074,高风险
埃及,46.56349144579496,45.31616510212273,44.80974512990191,0.5315576042223006,高风险
黎巴嫩,38.429915584149,40.619787963399176,51.39385300730753,0.48204944992233273,中风险
